PitcherID,Pitcher,GS,IP,K,BB,GS2,GSD,GSQ
676979,Garrett Crochet,17,93.4,130,20,44.76470588235294,15.380707931385611,2.9104450901773413
607200,Erick Fedde,17,98.7,91,25,39.35294117647059,14.093177323046195,2.792339887196181
669203,Corbin Burnes,17,105.5,99,24,43.11764705882353,7.833281184640766,5.504417120039959
622491,Luis Castillo,17,98.5,100,30,36.94117647058823,15.163568957518274,2.436179541510402
641482,Nestor Cortes,17,99.5,93,18,38.94117647058823,14.783735100758934,2.634055345633808
666142,Cole Ragans,17,96.6,120,33,43.11764705882353,14.666638814590309,2.939845154973768
571945,Miles Mikolas,17,92.1,68,18,32.411764705882355,16.915447169412236,1.9161045156696601
607625,Seth Lugo,17,107.9,95,26,43.529411764705884,13.52367205615224,3.2187568275809615
669923,George Kirby,17,98.4,96,9,41.588235294117645,18.114423892058404,2.2958629842128437
554430,Zack Wheeler,17,104.5,112,31,43.705882352941174,19.92098361615947,2.193962065080356
663855,Jordan Hicks,17,84.5,76,33,37.88235294117647,11.575201687990022,3.2727164469610686
607074,Carlos Rod\xc3\xb3n,17,92.5,92,26,34.1764705882353,18.842224172445935,1.8138235844902806
656302,Dylan Cease,17,95.3,125,30,41.470588235294116,18.221270698893445,2.2759438087823685
657277,Logan Webb,17,104.4,91,23,40.588235294117645,13.04827011297576,3.110621940126374
676710,Kutter Crawford,17,91.9,97,30,38.470588235294116,11.22562719327312,3.427032411903662
621244,Jos\xc3\xa9 Berr\xc3\xados,17,102.6,76,26,36.23529411764706,14.724679163587512,2.4608545772089143
607192,Tyler Glasnow,16,100.0,135,25,46.1875,15.109461715538824,3.056859395096782
661563,Luis Gil,16,83.1,99,45,41.875,18.26061335223984,2.293186936947199
671106,Logan Allen,16,75.4,64,31,27.8125,17.317500781964277,1.6060342857882812
669432,Trevor Rogers,16,79.0,64,36,31.3125,15.413062641798351,2.0315560072457184
676440,Tanner Bibee,16,85.7,106,22,40.375,15.26160760426852,2.645527328897351
605400,Aaron Nola,16,98.89999999999999,90,25,39.3125,18.470584722742267,2.1283841627166096
615698,Cal Quantrill,16,89.3,64,34,36.3125,15.602216722846363,2.3273936418808696
669373,Tarik Skubal,16,95.6,112,19,45.9375,14.29903842920915,3.212628613275271
669302,Logan Gilbert,16,103.3,99,21,44.4375,17.060553918322814,2.604692685404235
676664,JP Sears,16,81.2,56,28,31.75,20.111356659028914,1.5787100064055581
671096,Andrew Abbott,16,88.5,72,32,35.3125,10.248373854747234,3.445668600745142
669022,MacKenzie Gore,16,83.6,99,28,38.1875,13.10073153173771,2.9149135609326335
605135,Chris Bassitt,16,89.0,83,35,37.0625,15.433594310248447,2.4014172755201426
657746,Joe Ryan,16,97.3,100,15,40.3125,13.622132725825278,2.9593383658327057
663372,Ryan Feltner,16,84.8,75,23,30.0625,17.249033789365324,1.7428512441395214
656605,Mitch Keller,16,96.7,91,27,39.6875,11.751418354110845,3.3772519030536126
656557,Tanner Houck,16,101.0,101,18,48.0625,12.336767539892016,3.895874656354325
656288,Griffin Canning,16,85.8,59,30,31.5,11.72461797529739,2.686654700935023
663623,Jake Irvin,16,91.3,81,20,40.4375,12.889110390816997,3.1373383246690314
650644,Aaron Civale,16,78.3,82,23,32.3125,10.27436129401726,3.1449643510994214
650633,Michael King,16,88.0,104,35,38.0625,18.156610366475345,2.096343933792797
663776,Patrick Sandoval,16,77.1,81,35,33.8125,16.68220109378056,2.026860832687477
642547,Freddy Peralta,16,84.9,112,31,39.125,14.68275632615802,2.6646904117244645
663903,Brady Singer,16,87.7,85,26,38.9375,12.984445823112104,2.998780273755841
641793,Zack Littell,16,84.7,82,16,34.8125,13.457185193543758,2.586907997424432
665871,Javier Assad,16,79.5,79,33,38.4375,12.049723371651869,3.1899072546700875
641154,Pablo L\xc3\xb3pez,16,86.6,101,19,34.5625,18.945426009110133,1.8243189666666884
668881,Hunter Greene,16,90.8,103,39,39.6875,13.670985090085255,2.903046103735638
624133,Ranger Su\xc3\xa1rez,16,97.4,99,19,47.5,9.359487165438072,5.075064387651923
663362,Matt Waldron,16,87.7,84,27,39.9375,14.68545198487265,2.7195281453467866
694297,Brandon Pfaadt,16,95.6,86,24,35.25,13.32916601542147,2.644576559344879
542881,Tyler Anderson,16,97.7,65,46,37.9375,10.804127297781468,3.5113895786650096
682243,Bryce Miller,16,91.4,85,27,37.8125,18.69124126429275,2.023006362463257
458681,Lance Lynn,16,79.8,78,30,36.0625,12.787852308603922,2.8200591569028703
573186,Marcus Stroman,16,88.3,67,40,36.375,14.42162727757632,2.522253508559204
571578,Patrick Corbin,16,86.9,60,32,28.625,15.966109941581472,1.7928600081507795
579328,Yusei Kikuchi,16,82.4,86,20,35.8125,15.553000782271354,2.3026103130414652
592332,Kevin Gausman,16,84.1,84,20,35.0625,18.530942591604273,1.8921055864630223
640455,Sean Manaea,15,74.0,76,34,38.06666666666667,13.951275756650185,2.7285437784083184
608331,Max Fried,15,88.6,80,27,41.93333333333333,19.07678719081936,2.1981339370139645
656427,Jack Flaherty,15,86.2,115,14,42.2,15.269951819551645,2.763597455885036
663559,Bailey Falter,15,82.4,54,22,35.333333333333336,15.197117521174235,2.325002309425007
500779,Jose Quintana,15,76.1,58,26,33.0,15.19398377178095,2.1719122842087866
502043,Kyle Gibson,15,87.2,77,36,37.0,12.806248474865699,2.889214594939212
596295,Austin Gomber,15,79.8,56,24,31.866666666666667,15.574093262607008,2.046133031909967
519242,Chris Sale,15,93.2,118,17,46.4,15.747108578130417,2.9465726847429194
681857,Reese Olson,15,81.0,72,23,40.2,18.18633710077038,2.2104506134056603
623167,Chris Flexen,15,70.1,56,31,30.333333333333332,15.499615970665054,1.9570377350473023
571760,Andrew Heaney,15,72.3,74,21,35.13333333333333,12.743999521717026,2.7568530015606707
650911,Cristopher S\xc3\xa1nchez,15,83.4,70,24,41.666666666666664,11.6476034731041,3.57727379395089
622663,Luis Severino,15,89.4,71,31,39.06666666666667,14.79124580219504,2.6412019101777844
641712,Dakota Hudson,15,73.4,41,38,28.8,17.538529014715003,1.6420989454609625
663554,Casey Mize,15,71.7,56,19,33.4,12.28122841692033,2.7195976547414027
683003,Jared Jones,15,84.6,93,25,38.93333333333333,14.964083985456963,2.6017852727351163
684007,Shota Imanaga,15,83.6,84,14,40.06666666666667,21.991773353645115,1.8218933972428222
663474,Triston McKenzie,15,71.0,71,46,30.266666666666666,14.399735447305307,2.1018904671842855
641927,Bailey Ober,15,80.6,83,20,35.8,21.824625671802156,1.6403488673005877
663978,Chris Paddack,15,76.0,70,18,30.933333333333334,19.440262588859476,1.59119935710437
686613,Hunter Brown,15,74.4,82,32,34.46666666666667,20.00309499861983,1.7230666888821353
694813,Gavin Stone,15,87.6,70,25,41.333333333333336,12.396235987858036,3.334345471788278
543243,Sonny Gray,14,81.7,103,22,45.5,14.173376992961677,3.2102441092616627
690986,Kyle Harrison,14,77.1,68,22,35.5,12.469963913339926,2.8468406361644205
625643,Reynaldo L\xc3\xb3pez,14,78.4,81,27,45.214285714285715,8.514047861564498,5.310551038642783
679525,Alec Marsh,14,73.8,69,23,36.285714285714285,15.3142898146624,2.3694023506707547
681293,Spencer Arrighetti,14,62.9,75,35,32.214285714285715,19.819099457258478,1.625416219528969
669854,Ronel Blanco,14,82.8,79,34,43.357142857142854,12.282615249312231,3.5299601898358457
808967,Yoshinobu Yamamoto,14,73.3,84,17,42.857142857142854,11.380530897830889,3.7658298406194177
593423,Frankie Montas,14,64.7,53,27,34.785714285714285,15.680357979766482,2.218426028959342
678394,Brayan Bello,14,69.0,64,29,30.642857142857142,14.291509813426035,2.1441301543990807
471911,Carlos Carrasco,14,68.6,54,23,31.571428571428573,13.20089907028064,2.3916119957697237
592351,Jon Gray,14,70.7,61,19,36.42857142857143,20.816835958921793,1.7499571741092899
450203,Charlie Morton,14,77.0,80,35,37.42857142857143,15.584579586216655,2.401641393116185
572020,James Paxton,14,69.8,49,36,36.642857142857146,14.468039805867823,2.532675997200108
680570,Grayson Rodriguez,14,80.0,89,25,38.0,13.341664064126332,2.848220418184274
608379,Michael Wacha,14,76.7,67,23,37.214285714285715,12.885164823449971,2.88814976169794
621107,Zach Eflin,14,79.0,63,6,35.5,12.482295153844598,2.844028246605421
686752,Ryan Pepiot,14,69.8,83,25,38.0,16.34248827678708,2.3252273066626774
608344,Cole Irvin,13,68.4,52,15,36.0,14.747881203752625,2.4410286130349177
668933,Graham Ashcraft,13,65.1,52,22,29.615384615384617,12.339222433217184,2.400101365841336
680573,Simeon Woods Richardson,13,63.9,56,19,39.23076923076923,13.947244925993129,2.812797039052196
607067,Colin Rea,13,70.7,50,21,33.92307692307692,13.530592118489238,2.5071391278377115
680730,Mitchell Parker,13,71.8,58,17,39.61538461538461,9.069531975598865,4.3679634982232685
543135,Nathan Eovaldi,13,71.6,74,26,38.84615384615385,14.276123153983097,2.7210576307837195
664285,Framber Valdez,13,79.5,63,26,37.76923076923077,19.732181186046674,1.9140930449158216
656756,Jordan Montgomery,13,64.5,45,23,27.23076923076923,17.763041435115806,1.5330015037254063
669194,Ryne Nelson,13,60.9,41,15,28.615384615384617,13.382441615405748,2.138278308081153
677960,Ryan Weathers,13,70.3,67,20,38.92307692307692,12.6125700424982,3.0860543721006235
594902,Ben Lively,13,69.0,61,21,38.38461538461539,10.316156111802346,3.720825370285054
547179,Michael Lorenzen,13,76.3,55,31,37.46153846153846,12.705742695171244,2.9483942308839244
628317,Kenta Maeda,12,51.9,41,18,29.833333333333332,20.148689708507025,1.4806587309117838
641540,Dane Dunning,12,56.2,67,29,34.75,11.474279537691718,3.028512586419928
666200,Jes\xc3\xbas Luzardo,12,64.8,58,22,34.0,20.275376916124372,1.6769108727621662
667755,Jos\xc3\xa9 Soriano,12,64.7,57,25,40.25,9.640115050237636,4.175261372944694
676775,Keaton Winn,12,53.7,48,20,29.833333333333332,14.018386195106467,2.1281574724876346
666157,Nick Lodolo,12,68.6,73,19,41.833333333333336,11.464041278024188,3.649091303738157
592791,Jameson Taillon,12,66.7,53,16,37.666666666666664,13.033755708880992,2.889931920467191
672282,Reid Detmers,12,61.6,70,27,30.333333333333332,17.951112061441325,1.6897746072505893
527048,Mart\xc3\xadn P\xc3\xa9rez,11,55.7,46,19,30.454545454545453,19.881466929598712,1.531805754695393
657006,Justin Steele,11,62.0,65,16,40.90909090909091,16.849062558222908,2.427974302292913
601713,Nick Pivetta,11,56.5,64,15,35.54545454545455,18.581515742068174,1.9129469866110203
592866,Trevor Williams,11,55.5,47,16,43.54545454545455,7.202272368685267,6.046071616894921
657376,Clarke Schmidt,11,58.8,67,20,42.0,10.207840124139876,4.114484503012234
548389,Ross Stripling,11,53.8,35,12,29.454545454545453,14.355233445427745,2.0518332611251933
681867,Cooper Criswell,11,48.5,49,12,37.54545454545455,11.07577208472291,3.389872440336862
668678,Zac Gallen,11,57.2,60,15,40.54545454545455,12.283025981928365,3.3009337117016457
506433,Yu Darvish,11,55.4,53,15,40.72727272727273,18.788778082094158,2.167638180052066
681190,Randy V\xc3\xa1squez,10,45.8,31,12,27.4,13.793718377097115,1.9864114411306637
668964,Tobias Myers,10,50.3,43,16,37.7,14.81028171387852,2.5455288919097216
677944,Slade Cecconi,10,46.7,39,8,32.9,18.53195438515143,1.7753119458550386
434378,Justin Verlander,10,56.3,51,17,34.3,19.299107636249804,1.777284247877544
592836,Taijuan Walker,10,50.9,43,21,27.3,12.614365708279676,2.164199186177164
605397,Joe Musgrove,10,47.7,44,15,29.5,17.564168070250297,1.6795557798132372
671737,Taj Bradley,9,49.2,61,18,36.77777777777778,24.50396793265214,1.5008907079400182
665152,Dean Kremer,9,48.6,49,18,35.0,18.26882590644511,1.9158319302639069
544150,Albert Su\xc3\xa1rez,9,41.7,37,19,38.22222222222222,15.006480081766158,2.547047809610242
543294,Kyle Hendricks,9,41.7,37,13,23.555555555555557,19.799691355619103,1.1896930680624245
605452,Joe Ross,9,40.6,35,16,35.333333333333336,11.191514642799696,3.1571538313686434
647336,Michael Soroka,9,41.8,24,24,25.666666666666668,8.170067319184096,3.141548981658804
683155,Joey Estes,9,44.7,39,12,33.888888888888886,21.51420719225115,1.5751865075044351
622072,Alex Wood,9,38.4,33,19,29.444444444444443,11.727223788168185,2.510777058262629
621389,Ty Blach,9,45.4,24,9,25.88888888888889,14.35657031157202,1.8032781038254881
669060,Bryse Wilson,9,39.8,31,21,32.111111111111114,15.987842603400596,2.008470555263105
676106,Emerson Hancock,8,40.4,24,13,30.875,17.08330429730401,1.8073201450185792
621112,Paul Blackburn,8,45.3,36,13,36.125,19.518763866012183,1.8507831872951792
621111,Walker Buehler,8,36.3,31,10,27.25,15.406399412489048,1.76874552388341
676962,Ben Brown,8,37.6,43,14,42.625,15.564956059779197,2.738523631952012
687765,Mitch Spence,8,41.6,34,9,34.5,13.027443560203427,2.64825557221307
694973,Paul Skenes,8,46.1,61,8,45.5,13.071233409940428,3.4809262885167445
680694,Kyle Bradish,8,38.4,53,15,45.125,15.207493453651628,2.967287156001673
693433,Bryan Woo,8,40.2,28,3,47.0,12.118462891684855,3.878379660860231
671212,Joe Boyle,7,27.2,29,23,30.428571428571427,17.057326313123664,1.7839004114707073
674072,Tommy Henry,7,31.3,26,13,27.0,11.86029791643813,2.276502680643338
669062,Erik Miller,7,7.2,8,5,40.142857142857146,2.478478796128211,16.196570737489
676130,Jos\xc3\xa9 Butt\xc3\xb3,7,37.3,38,21,41.285714285714285,13.174650984805197,3.133723567579179
682610,Roddery Mu\xc3\xb1oz,7,35.2,34,18,24.142857142857142,25.425896060437882,0.9495381042016797
605288,Adrian Houser,7,33.2,20,21,23.571428571428573,13.998299216418435,1.6838780345387911
656731,Tylor Megill,7,33.2,43,16,37.57142857142857,15.522640914238174,2.4204276050067035
664350,Sixto S\xc3\xa1nchez,7,27.4,14,11,31.428571428571427,7.3452284479368615,4.278773853167103
664299,Cristian Javier,7,34.2,27,19,34.57142857142857,24.040640194312232,1.4380410959109073
605513,Spencer Turnbull,7,35.1,38,12,45.42857142857143,13.488972568449421,3.3678303664749403
666129,Braxton Garrett,7,35.6,34,4,34.42857142857143,15.977662979475888,2.154793944070335
696136,Jordan Wicks,6,23.5,30,9,37.166666666666664,6.013872850889573,6.180155049531678
693821,Bryce Elder,6,28.5,23,11,28.166666666666668,24.21087909735346,1.1633888448827794
680897,Nick Nastrini,6,24.2,19,25,21.333333333333332,16.107969042268074,1.324396221358115
686563,Jonathan Cannon,6,29.4,25,6,31.5,21.482551058940835,1.4663063019645424
684320,Yariel Rodr\xc3\xadguez,6,16.5,17,12,33.333333333333336,7.916228058025278,4.210759605332595
570632,Jos\xc3\xa9 Ure\xc3\xb1a,6,30.5,21,8,37.5,11.449890829173874,3.275140397360948
682990,Quinn Priester,6,30.5,20,10,27.5,15.782902141241324,1.7423918461828038
571927,Steven Matz,6,26.5,17,11,27.833333333333332,15.393721663933862,1.808096439637751
641302,Tyler Alexander,6,31.299999999999997,25,8,31.0,17.274258305351346,1.7945777730090209
605483,Blake Snell,6,22.5,31,14,25.333333333333332,9.892758294159757,2.560795743719828
687792,DJ Herz,5,20.4,27,7,31.4,22.76620302114518,1.3792374587381029
607259,Nick Martinez,5,25.2,17,4,25.6,7.436396977031283,3.442527352839075
688107,Robert Gasser,5,28.0,16,1,41.2,17.049926686059386,2.4164326779004015
657649,Jared Koenig,5,3.6,6,1,42.6,2.302172886644268,18.504257541706753
676272,Bobby Miller,5,19.3,21,12,29.2,19.43450539633052,1.5024822811036564
689017,Landon Knack,5,25.2,18,8,42.4,6.066300355241241,6.989433017995341
542888,Shawn Armstrong,5,8.0,12,2,41.4,6.107372593840988,6.778692369571499
800049,Adam Mazur,5,21.4,11,17,25.2,16.828547174370104,1.4974554689058142
669467,Andre Pallante,5,22.2,20,10,34.0,19.710403344427025,1.7249773840682594
680885,Spencer Schwellenbach,5,26.2,25,7,35.6,13.069047402163633,2.723993486633638
681035,Christian Scott,5,27.2,25,6,39.0,11.726039399558575,3.3259311751475225
607536,Kyle Freeland,5,21.2,13,9,21.0,28.74021572639983,0.730683450671182
686973,Louie Varland,5,21.2,21,10,24.8,17.123083834403193,1.448337241109138
669461,Matthew Liberatore,5,18.5,18,5,34.6,18.51485889765299,1.8687693053056982
656849,David Peterson,5,26.3,20,13,34.0,7.314369419163897,4.64838430376771
663687,Hogan Harris,5,27.2,20,10,37.4,8.018728078691781,4.66408133970564
666201,Alek Manoah,5,23.4,26,8,38.2,22.99347733597509,1.6613407116214267
666159,Matt Manning,5,25.8,23,12,32.2,13.046072205840346,2.4681758227265522
641585,J.P. France,5,24.4,22,12,24.2,15.642889758609181,1.5470287378763472
665795,Edward Cabrera,5,21.1,31,14,31.4,13.221195104830729,2.3749744067030023
665622,Luis Medina,5,22.6,17,12,31.8,17.412639087743134,1.8262596404691016
669713,Hayden Wesneski,4,20.1,21,5,41.0,10.519822558706334,3.897404140725539
676477,Garrett Whitlock,4,18.1,17,7,42.75,7.544313531837517,5.666519534162
605182,Mike Clevinger,4,14.600000000000001,15,9,26.0,13.711309200802088,1.8962448894726294
605156,Aaron Brooks,4,21.2,10,6,24.25,12.971121771072847,1.8695376103923718
669084,DL Hall,4,15.4,13,10,20.25,12.632629707758133,1.6029916548225724
700249,Cade Povich,4,20.5,14,10,35.5,16.380883167074153,2.167160319619127
547001,Cody Poteet,4,20.3,13,7,41.25,3.685557397915997,11.19233688324183
518876,Merrill Kelly,4,24.2,21,6,43.5,7.14142842854285,6.091218365521843
607644,John Means,4,20.2,16,2,43.25,14.72809107341025,2.9365652197848324
640462,A.J. Puk,4,13.2,12,17,23.5,10.785793124908958,2.1787920209343308
621244,Jos\xc3\xa9 Berr\xc3\xados,3,18.0,19,6,32.0,13.45362404707371,2.3785412679909324
592351,Jon Gray,3,14.0,5,4,19.0,18.083141320025124,1.050702400857729
692230,Carlos Rodriguez,3,11.4,9,3,25.333333333333332,8.082903768654761,3.1341871756008253
683004,Jack Leiter,3,8.4,7,6,13.333333333333334,3.2145502536643185,4.1478067789217015
696131,Mason Black,3,11.2,8,5,22.333333333333332,10.066445913694333,2.2185916980839484
689672,Drew Thorpe,3,14.1,9,11,32.333333333333336,28.112867753634337,1.1501257579512993
663738,Daniel Lynch IV,3,14.0,12,6,29.333333333333332,23.501772982763097,1.248132783634974
571945,Miles Mikolas,3,16.2,8,1,29.666666666666668,30.924639582917266,0.9593213394491589
663567,Peter Lambert,3,9.1,10,3,16.0,9.16515138991168,1.7457431218879391
676974,Max Meyer,3,17.0,14,3,44.333333333333336,5.507570547286101,8.049526184495074
669721,Davis Daniel,3,16.2,14,1,31.333333333333332,28.448784391135824,1.101394453363578
594835,Marco Gonzales,3,17.0,11,5,40.333333333333336,6.658328118479393,6.057576709293282
675540,Xzavion Curry,3,12.2,8,3,30.666666666666668,20.132891827388665,1.5232122106248005
670102,Bowden Francis,3,12.1,15,5,23.666666666666668,23.007245235649865,1.0286614683445467
670174,Josh Winckowski,3,10.2,2,2,40.0,4.58257569495584,8.728715609439696
671096,Andrew Abbott,3,18.1,12,12,43.666666666666664,15.011106998930272,2.9089571255323445
680730,Mitchell Parker,3,18.0,16,2,32.666666666666664,12.055427546683418,2.7097061916857212
608718,Brent Suter,3,1.4,0,1,41.0,1.0,41.0
669387,Carmen Mlodzinski,3,3.4,3,1,41.0,6.0,6.833333333333333
669330,Tyler Wells,3,15.1,13,3,29.333333333333332,9.291573243177568,3.156982414670371
674003,Cody Bradford,3,18.4,17,2,52.666666666666664,10.408329997330664,5.060049660240753
622491,Luis Castillo,2,11.2,11,2,44.5,10.606601717798213,4.195500235040182
650911,Cristopher S\xc3\xa1nchez,2,13.0,12,3,39.0,43.840620433565945,0.8895859505250114
650644,Aaron Civale,2,10.2,10,7,22.5,7.7781745930520225,2.892709559399513
621107,Zach Eflin,2,11.0,9,2,37.5,23.33452377915607,1.6070608663330626
615698,Cal Quantrill,2,10.1,10,4,24.5,12.020815280171307,2.0381313104788723
641793,Zack Littell,2,9.0,9,1,30.5,28.991378028648448,1.052036918350717
663687,Hogan Harris,2,8.1,7,4,29.0,11.313708498984761,2.5632620818012346
608379,Michael Wacha,2,11.1,14,5,43.5,4.949747468305833,8.788327137604233
663855,Jordan Hicks,2,10.0,13,4,32.5,0.7071067811865476,45.961940777125584
608331,Max Fried,2,12.0,8,4,26.0,21.213203435596427,1.2256517540566823
641927,Bailey Ober,2,12.0,17,3,48.5,7.7781745930520225,6.235396161372283
607625,Seth Lugo,2,12.0,15,3,47.5,14.849242404917497,3.198816391082001
650633,Michael King,2,11.1,11,3,44.0,1.4142135623730951,31.11269837220809
607536,Kyle Freeland,2,13.2,8,3,40.5,9.192388155425117,4.405819175085412
656288,Griffin Canning,2,10.1,8,4,25.0,4.242640687119285,5.892556509887896
657006,Justin Steele,2,15.0,12,2,51.5,16.263455967290593,3.16660862879193
630023,Yonny Chirinos,2,9.1,9,2,29.0,11.313708498984761,2.5632620818012346
623167,Chris Flexen,2,12.0,7,2,30.0,5.656854249492381,5.303300858899106
640455,Sean Manaea,2,13.0,11,5,51.5,3.5355339059327378,14.566399692442879
657277,Logan Webb,2,14.0,12,4,45.0,1.0,45.0
641154,Pablo L\xc3\xb3pez,2,11.0,15,3,35.5,17.67766952966369,2.0081832585697947
657746,Joe Ryan,2,10.4,18,1,46.0,9.899494936611665,4.6467017049401695
628317,Kenta Maeda,2,8.3,7,4,15.5,24.748737341529164,0.6262945776223706
641482,Nestor Cortes,2,10.1,13,2,37.5,16.263455967290593,2.3057829821300464
642547,Freddy Peralta,2,11.0,12,5,39.5,17.67766952966369,2.23445742854949
656849,David Peterson,2,10.2,7,3,34.5,4.949747468305833,6.970052557410254
661563,Luis Gil,2,10.2,12,3,40.0,18.384776310850235,2.175713172881685
663362,Matt Waldron,2,10.1,9,3,27.5,10.606601717798213,2.592724864350674
656605,Mitch Keller,2,13.0,11,0,29.5,20.506096654409877,1.4385965548278037
625643,Reynaldo L\xc3\xb3pez,2,10.1,12,7,39.0,21.213203435596427,1.8384776310850235
656557,Tanner Houck,2,7.199999999999999,5,5,16.0,26.870057685088806,0.5954583420518295
624133,Ranger Su\xc3\xa1rez,2,9.2,7,4,13.0,8.48528137423857,1.5320646925708532
663372,Ryan Feltner,2,12.0,9,5,44.5,7.7781745930520225,5.721136684145703
663559,Bailey Falter,2,7.0,7,6,35.0,14.142135623730951,2.4748737341529163
656302,Dylan Cease,2,10.2,13,3,21.5,20.506096654409877,1.048468675552467
641712,Dakota Hudson,2,9.2,7,8,22.5,2.1213203435596424,10.606601717798213
663623,Jake Irvin,2,14.0,13,4,57.0,15.556349186104045,3.6640987752393825
622663,Luis Severino,2,13.0,6,3,14.0,19.79898987322333,0.7071067811865476
527048,Mart\xc3\xadn P\xc3\xa9rez,2,11.1,6,3,28.0,22.627416997969522,1.2374368670764582
663903,Brady Singer,2,12.0,11,5,46.5,3.5355339059327378,13.152186130069783
664285,Framber Valdez,2,10.2,9,5,27.0,5.656854249492381,4.772970773009195
676979,Garrett Crochet,2,11.0,16,3,45.5,14.849242404917497,3.064129385141706
677944,Slade Cecconi,2,8.2,9,3,30.0,8.48528137423857,3.5355339059327378
679525,Alec Marsh,2,9.0,6,5,26.5,21.920310216782973,1.2089244968673232
680570,Grayson Rodriguez,2,12.1,16,5,48.5,7.7781745930520225,6.235396161372283
680573,Simeon Woods Richardson,2,11.2,8,4,37.5,12.020815280171307,3.1195887405288865
680885,Spencer Schwellenbach,2,11.0,13,2,35.5,16.263455967290593,2.1828078897497774
681035,Christian Scott,2,10.4,5,3,35.5,13.435028842544403,2.6423463928549933
681190,Randy V\xc3\xa1squez,2,10.1,7,2,38.0,1.0,38.0
681293,Spencer Arrighetti,2,9.0,11,6,22.0,21.213203435596427,1.0370899457402696
681857,Reese Olson,2,11.2,17,5,46.0,1.4142135623730951,32.526911934581186
681869,Shawn Dubin,2,5.300000000000001,4,4,34.5,14.849242404917497,2.3233508524700848
682243,Bryce Miller,2,10.2,12,2,38.5,6.363961030678928,6.049691350151574
684007,Shota Imanaga,2,12.0,11,3,34.5,4.949747468305833,6.970052557410254
684320,Yariel Rodr\xc3\xadguez,2,12.2,12,4,54.0,5.656854249492381,9.54594154601839
686563,Jonathan Cannon,2,11.2,6,5,38.0,8.48528137423857,4.478342947514801
686613,Hunter Brown,2,12.0,11,4,32.0,29.698484809834994,1.0774960475223583
686730,Carson Spiers,2,10.2,7,3,26.5,26.16295090390226,1.012882686564514
687765,Mitch Spence,2,11.1,10,2,33.0,14.142135623730951,2.3334523779156067
687792,DJ Herz,2,9.3,14,2,39.5,13.435028842544403,2.940075563880908
689017,Landon Knack,2,8.3,13,1,30.5,17.67766952966369,1.7253405460951758
689672,Drew Thorpe,2,12.1,9,3,47.0,4.242640687119285,11.078006238589246
694297,Brandon Pfaadt,2,10.1,14,2,42.0,1.4142135623730951,29.698484809834994
694973,Paul Skenes,2,13.0,17,4,43.5,2.1213203435596424,20.50609665440988
700249,Cade Povich,2,6.0,4,3,11.0,26.870057685088806,0.4093776101606328
701581,David Festa,2,10.0,8,1,12.0,11.313708498984761,1.0606601717798212
676710,Kutter Crawford,2,13.0,11,0,53.5,4.949747468305833,10.808632226708655
676664,JP Sears,2,11.0,12,2,46.0,12.727922061357855,3.6141013260645765
676440,Tanner Bibee,2,10.2,9,2,34.0,1.4142135623730951,24.041630560342615
669203,Corbin Burnes,2,13.0,11,1,40.5,2.1213203435596424,19.091883092036785
665622,Luis Medina,2,11.0,8,6,41.5,6.363961030678928,6.521095870942605
666142,Cole Ragans,2,11.2,14,4,33.5,10.606601717798213,3.158410289299912
667725,Kyle Tyler,2,9.3,7,5,42.0,2.8284271247461903,14.849242404917497
667755,Jos\xc3\xa9 Soriano,2,9.0,7,2,29.5,7.7781745930520225,3.792663644546028
668678,Zac Gallen,2,10.0,11,4,47.0,19.79898987322333,2.373858479697695
668881,Hunter Greene,2,11.2,13,4,52.0,8.48528137423857,6.128258770283413
668909,Gavin Williams,2,9.1,7,3,35.5,20.506096654409877,1.7311924642843062
668933,Graham Ashcraft,2,9.2,5,5,36.5,0.7071067811865476,51.61879502661797
668964,Tobias Myers,2,12.0,11,3,29.0,2.8284271247461903,10.253048327204938
669022,MacKenzie Gore,2,8.3,13,6,34.0,24.041630560342615,1.4142135623730951
669062,Erik Miller,2,2.0,1,1,41.5,3.5355339059327378,11.737972567696689
669302,Logan Gilbert,2,11.1,9,3,33.0,11.313708498984761,2.9168154723945086
675650,Michael Mercado,2,6.2,5,5,23.0,35.35533905932738,0.6505382386916237
669373,Tarik Skubal,2,13.0,20,1,52.5,17.67766952966369,2.9698484809834995
669432,Trevor Rogers,2,9.0,10,7,30.0,4.242640687119285,7.0710678118654755
669467,Andre Pallante,2,12.1,10,4,46.5,0.7071067811865476,65.76093065034891
607074,Carlos Rod\xc3\xb3n,2,10.1,16,3,18.5,19.091883092036785,0.9689981816260095
669713,Hayden Wesneski,2,11.1,9,4,37.5,26.16295090390226,1.4333245564592179
669854,Ronel Blanco,2,10.4,9,5,31.0,18.384776310850235,1.6861777089833057
669923,George Kirby,2,12.1,13,2,41.0,1.0,41.0
670174,Josh Winckowski,2,8.2,5,2,34.5,19.091883092036785,1.807050663032288
671106,Logan Allen,2,8.2,12,4,37.5,4.949747468305833,7.576144084141581
671737,Taj Bradley,2,11.2,16,4,52.5,9.192388155425117,5.711247078814423
672456,Keider Montero,2,12.2,8,2,45.0,12.727922061357855,3.5355339059327378
607192,Tyler Glasnow,2,9.0,8,4,25.5,12.020815280171307,2.121320343559643
806185,Hayden Birdsong,2,9.2,10,4,35.0,7.0710678118654755,4.949747468305833
607067,Colin Rea,2,12.1,12,2,47.0,8.48528137423857,5.539003119294623
471911,Carlos Carrasco,2,11.0,11,2,32.0,2.8284271247461903,11.31370849898476
458681,Lance Lynn,2,8.2,8,5,17.5,57.27564927611035,0.3055399671793724
453286,Max Scherzer,2,11.2,7,3,33.5,2.1213203435596424,15.792051446499563
450203,Charlie Morton,2,11.2,12,3,41.0,22.627416997969522,1.811961126790528
489119,Wade Miley,2,7.0,2,4,31.0,16.97056274847714,1.826692518065248
694462,Hurston Waldrep,2,6.300000000000001,3,8,6.5,4.949747468305833,1.313198307917874
641745,Brad Keller,2,8.2,9,3,19.0,25.45584412271571,0.7463904912524668
641312,Shaun Anderson,2,5.1,4,0,16.0,7.0710678118654755,2.262741699796952
686796,Blake Walston,2,8.3,6,5,42.5,9.192388155425117,4.62339049237358
686730,Carson Spiers,2,12.0,10,2,36.5,2.1213203435596424,17.20626500887266
543037,Gerrit Cole,2,8.0,5,5,15.5,38.890872965260115,0.3985510948505995
543518,Scott McGough,2,2.3000000000000003,3,1,37.0,5.656854249492381,6.540737725975564
668676,Zach Plesac,2,9.1,2,3,15.0,15.556349186104045,0.9642365197998376
681217,Chase Silseth,2,8.0,12,4,28.0,4.242640687119285,6.599663291074444
668868,Zack Thompson,2,10.1,9,6,18.5,12.020815280171307,1.5389971119942505
680686,Josiah Gray,2,8.1,9,5,11.0,8.48528137423857,1.2963624321753373
605400,Aaron Nola,2,12.2,17,0,39.0,5.656854249492381,6.894291116568838
630023,Yonny Chirinos,2,10.0,11,3,39.0,8.48528137423857,4.59619407771256
678061,Ray Kerr,2,7.2,13,3,31.5,6.363961030678928,4.949747468305833
677161,Zack Kelly,2,4.2,6,2,47.5,3.5355339059327378,13.435028842544403
676879,Aaron Ashby,2,8.2,5,7,26.0,8.48528137423857,3.0641293851417064
676714,Brandon Hughes,2,1.2,2,0,42.0,1.4142135623730951,29.698484809834994
676596,Josh Fleming,2,6.1,3,2,43.5,3.5355339059327378,12.303657992645926
669456,Shane Bieber,2,12.0,20,1,57.0,2.8284271247461903,20.152543263816604
675921,Spencer Howard,2,6.300000000000001,3,7,27.5,20.506096654409877,1.3410645850089695
675911,Spencer Strider,2,9.0,12,5,28.0,18.384776310850235,1.5229992210171794
675627,Michael Grove,2,3.0,3,0,28.5,3.5355339059327378,8.061017305526642
670241,Darius Vines,2,9.2,6,3,30.5,16.263455967290593,1.8753701587991043
663765,Jake Woodford,2,8.1,7,5,14.5,26.16295090390226,0.5542188284975642
670950,Trevor Richards,2,4.1,5,0,47.5,3.5355339059327378,13.435028842544403
500779,Jose Quintana,2,11.0,8,6,38.5,13.435028842544403,2.8656432711244295
573186,Marcus Stroman,2,9.1,9,5,22.0,11.313708498984761,1.9445436482630056
502043,Kyle Gibson,2,10.0,16,3,29.5,3.5355339059327378,8.34386001800126
554430,Zack Wheeler,2,12.2,12,4,43.5,2.1213203435596424,20.50609665440988
571578,Patrick Corbin,2,11.0,8,3,27.0,8.48528137423857,3.1819805153394642
571760,Andrew Heaney,2,12.1,17,2,53.5,2.1213203435596424,25.220141862320197
572020,James Paxton,2,9.0,7,4,14.5,27.577164466275352,0.5257973501130738
572971,Dallas Keuchel,2,9.2,5,7,36.0,1.0,36.0
657514,Brennan Bernardino,2,3.0,3,1,44.0,2.8284271247461903,15.556349186104045
579328,Yusei Kikuchi,2,10.2,12,3,35.5,2.1213203435596424,16.734860488081626
543294,Kyle Hendricks,2,5.2,4,3,17.5,16.263455967290593,1.076032058327355
592332,Kevin Gausman,2,10.1,17,7,27.0,26.870057685088806,1.0048359522124624
592791,Jameson Taillon,2,13.0,12,1,43.0,7.0710678118654755,6.081118318204308
593423,Frankie Montas,2,11.0,9,6,38.5,16.263455967290593,2.367270528320181
594902,Ben Lively,2,12.0,11,2,39.0,5.656854249492381,6.894291116568838
596295,Austin Gomber,2,13.0,6,0,34.0,12.727922061357855,2.671292284482513
601713,Nick Pivetta,2,11.0,14,3,42.0,32.526911934581186,1.2912384699928259
605135,Chris Bassitt,2,11.0,11,6,36.0,19.79898987322333,1.8182745801939793
544150,Albert Su\xc3\xa1rez,2,12.0,8,1,45.0,12.727922061357855,3.5355339059327378
547179,Michael Lorenzen,2,10.0,7,9,31.0,22.627416997969522,1.3700193885489358
543135,Nathan Eovaldi,2,14.0,11,0,55.5,13.435028842544403,4.130992247984567
543243,Sonny Gray,2,9.1,12,2,27.5,7.7781745930520225,3.5355339059327378
543037,Gerrit Cole,2,9.1,14,3,37.0,18.384776310850235,2.0125346849155585
519242,Chris Sale,2,13.0,20,3,53.5,0.7071067811865476,75.66042558696059
542881,Tyler Anderson,2,12.2,12,1,42.5,36.062445840513924,1.1785113019775793
641726,Daulton Jefferies,1,2.0,1,0,2.0,1.0,2.0
621383,Tanner Banks,1,2.1,5,0,44.0,1.0,44.0
691441,Cristian Mena,1,3.0,2,3,13.0,1.0,13.0
621097,Jacob Waguespack,1,4.0,4,2,44.0,1.0,44.0
693821,Bryce Elder,1,5.0,1,2,35.0,1.0,35.0
646242,Jhonathan D\xc3\xadaz,1,5.1,4,1,18.0,1.0,18.0
702352,Spencer Bivens,1,5.0,3,0,41.0,1.0,41.0
694363,Jared Shuster,1,2.0,2,0,28.0,1.0,28.0
669165,Kyle Hurt,1,2.0,0,0,40.0,1.0,40.0
694813,Gavin Stone,1,3.0,3,3,14.0,1.0,14.0
669721,Davis Daniel,1,8.0,8,0,64.0,1.0,64.0
678394,Brayan Bello,1,6.2,7,1,49.0,1.0,49.0
678368,Valente Bellozo,1,5.0,8,1,26.0,1.0,26.0
800049,Adam Mazur,1,4.0,4,0,30.0,1.0,30.0
680736,Justin Wrobleski,1,5.0,4,2,21.0,1.0,21.0
690986,Kyle Harrison,1,3.1,2,4,17.0,1.0,17.0
622694,Elieser Hern\xc3\xa1ndez,1,6.0,3,1,36.0,1.0,36.0
685299,Tanner Gordon,1,6.1,4,0,19.0,1.0,19.0
700270,Yilber Diaz,1,6.0,5,1,44.0,1.0,44.0
666214,Joey Wentz,1,2.2,2,4,20.0,1.0,20.0
641771,Chad Kuhl,1,3.0,3,2,46.0,1.0,46.0
683155,Joey Estes,1,9.0,4,1,59.0,1.0,59.0
683003,Jared Jones,1,5.0,5,2,45.0,1.0,45.0
682847,Luis Ortiz,1,6.0,5,0,55.0,1.0,55.0
686752,Ryan Pepiot,1,4.0,0,3,32.0,1.0,32.0
682610,Roddery Mu\xc3\xb1oz,1,4.2,4,2,33.0,1.0,33.0
667725,Kyle Tyler,1,4.0,2,3,30.0,1.0,30.0
664192,Joey Lucchesi,1,4.1,2,4,15.0,1.0,15.0
672456,Keider Montero,1,4.1,5,1,21.0,1.0,21.0
656186,Dan Altavilla,1,0.1,1,2,16.0,1.0,16.0
663947,Tyler Holton,1,1.2,1,1,34.0,1.0,34.0
642520,Gerson Garabito,1,3.2,2,4,39.0,1.0,39.0
668874,Blair Henley,1,0.1,0,3,11.0,1.0,11.0
642216,Allan Winans,1,5.0,1,2,12.0,1.0,12.0
571948,Hoby Milner,1,2.0,2,0,41.0,1.0,41.0
672710,Roansy Contreras,1,3.0,2,2,36.0,1.0,36.0
687424,Anthony Maldonado,1,3.0,2,0,45.0,1.0,45.0
663773,Bryan Hoeing,1,3.0,4,1,38.0,1.0,38.0
518489,Ryan Brasier,1,1.0,1,1,42.0,1.0,42.0
502624,Chase Anderson,1,1.2,0,3,7.0,1.0,7.0
663554,Casey Mize,1,5.1,2,2,47.0,1.0,47.0
663474,Triston McKenzie,1,2.1,3,3,6.0,1.0,6.0
700363,AJ Smith-Shawver,1,4.1,4,2,46.0,1.0,46.0
701581,David Festa,1,5.0,2,1,20.0,1.0,20.0
806185,Hayden Birdsong,1,4.2,5,3,27.0,1.0,27.0
453286,Max Scherzer,1,5.0,4,0,57.0,1.0,57.0
814005,Jake Bloss,1,3.2,2,1,34.0,1.0,34.0
656756,Jordan Montgomery,1,2.2,1,1,7.0,1.0,7.0
656731,Tylor Megill,1,5.1,6,3,27.0,1.0,27.0
656427,Jack Flaherty,1,5.2,7,1,16.0,1.0,16.0
656412,Alex Faedo,1,2.0,2,0,46.0,1.0,46.0
642239,Rob Zastryzny,1,1.0,0,0,43.0,1.0,43.0
641771,Chad Kuhl,1,3.0,3,2,46.0,1.0,46.0
573009,Joe Mantiply,1,0.2,0,0,38.0,1.0,38.0
608344,Cole Irvin,1,3.2,2,2,19.0,1.0,19.0
607200,Erick Fedde,1,6.0,3,3,46.0,1.0,46.0
690829,Ben Joyce,1,2.0,3,1,45.0,1.0,45.0
663978,Chris Paddack,1,5.0,3,2,36.0,1.0,36.0
672851,Joan Adon,1,4.0,2,3,39.0,1.0,39.0
665152,Dean Kremer,1,5.0,8,2,55.0,1.0,55.0
676272,Bobby Miller,1,5.0,4,3,33.0,1.0,33.0
676106,Emerson Hancock,1,4.0,4,1,36.0,1.0,36.0
674370,Osvaldo Bido,1,2.2,4,2,31.0,1.0,31.0
672710,Roansy Contreras,1,2.2,1,3,32.0,1.0,32.0
676254,Ryan Walker,1,1.0,2,0,43.0,1.0,43.0
596001,Jakob Junis,1,4.0,4,1,45.0,1.0,45.0
678368,Valente Bellozo,1,5.0,2,0,53.0,1.0,53.0
678495,Randy Rodr\xc3\xadguez,1,2.2,5,2,45.0,1.0,45.0
669358,Shane Baz,1,6.0,6,1,39.0,1.0,39.0
573009,Joe Mantiply,1,1.0,0,0,43.0,1.0,43.0
572971,Dallas Keuchel,1,4.0,4,1,11.0,1.0,11.0
669194,Ryne Nelson,1,6.2,5,1,49.0,1.0,49.0
680742,Jonathan Bowlan,1,2.2,3,3,4.0,1.0,4.0
681432,Luke Little,1,1.0,1,0,44.0,1.0,44.0
682847,Luis Ortiz,1,6.0,7,0,54.0,1.0,54.0
668676,Zach Plesac,1,2.2,3,4,36.0,1.0,36.0
683627,Anthony Molina,1,1.2,0,3,27.0,1.0,27.0
527054,Julio Teheran,1,2.2,3,2,18.0,1.0,18.0
665795,Edward Cabrera,1,3.2,4,1,34.0,1.0,34.0
660761,Jos\xc3\xa9 Suarez,1,2.2,3,1,20.0,1.0,20.0
